Model,Parameters,area_under_curve,accuracy,precision,recall,f1
KNN,"KNeighborsClassifier(algorithm='auto', leaf_size=30, metric='minkowski',
           metric_params=None, n_jobs=1, n_neighbors=1, p=2,
           weights='uniform')",0.531498866231,0.897166666667,0.148921832884,0.108174253549,0.125318967961
KNN,"KNeighborsClassifier(algorithm='auto', leaf_size=30, metric='minkowski',
           metric_params=None, n_jobs=1, n_neighbors=5, p=2,
           weights='uniform')",0.511045229571,0.9305,0.356164383562,0.0254527655409,0.0475102786661
KNN,"KNeighborsClassifier(algorithm='auto', leaf_size=30, metric='minkowski',
           metric_params=None, n_jobs=1, n_neighbors=10, p=2,
           weights='uniform')",0.504978539258,0.9323,0.7,0.0102790014684,0.0202604920405
KNN,"KNeighborsClassifier(algorithm='auto', leaf_size=30, metric='minkowski',
           metric_params=None, n_jobs=1, n_neighbors=25, p=2,
           weights='uniform')",0.504262209476,0.932233333333,0.692307692308,0.00881057268722,0.0173997100048
KNN,"KNeighborsClassifier(algorithm='auto', leaf_size=30, metric='minkowski',
           metric_params=None, n_jobs=1, n_neighbors=50, p=2,
           weights='uniform')",0.501432659564,0.932033333333,0.75,0.00293685756241,0.00585080448562
KNN,"KNeighborsClassifier(algorithm='auto', leaf_size=30, metric='minkowski',
           metric_params=None, n_jobs=1, n_neighbors=100, p=2,
           weights='uniform')",0.502232766,0.931833333333,0.454545454545,0.00489476260401,0.00968523002421
RF,"RandomForestClassifier(bootstrap=True, class_weight=None, criterion='gini',
            max_depth=1, max_features='sqrt', max_leaf_nodes=None,
            min_samples_leaf=1, min_samples_split=2,
            min_weight_fraction_leaf=0.0, n_estimators=1, n_jobs=-1,
            oob_score=False, random_state=None, verbose=0,
            warm_start=False)",0.5,0.9319,0.0,0.0,0.0
RF,"RandomForestClassifier(bootstrap=True, class_weight=None, criterion='gini',
            max_depth=1, max_features='sqrt', max_leaf_nodes=None,
            min_samples_leaf=1, min_samples_split=2,
            min_weight_fraction_leaf=0.0, n_estimators=10, n_jobs=-1,
            oob_score=False, random_state=None, verbose=0,
            warm_start=False)",0.5,0.9319,0.0,0.0,0.0
RF,"RandomForestClassifier(bootstrap=True, class_weight=None, criterion='gini',
            max_depth=1, max_features='sqrt', max_leaf_nodes=None,
            min_samples_leaf=1, min_samples_split=2,
            min_weight_fraction_leaf=0.0, n_estimators=100, n_jobs=-1,
            oob_score=False, random_state=None, verbose=0,
            warm_start=False)",0.5,0.9319,0.0,0.0,0.0
RF,"RandomForestClassifier(bootstrap=True, class_weight=None, criterion='gini',
            max_depth=1, max_features='sqrt', max_leaf_nodes=None,
            min_samples_leaf=1, min_samples_split=5,
            min_weight_fraction_leaf=0.0, n_estimators=1, n_jobs=-1,
            oob_score=False, random_state=None, verbose=0,
            warm_start=False)",0.5,0.9319,0.0,0.0,0.0
RF,"RandomForestClassifier(bootstrap=True, class_weight=None, criterion='gini',
            max_depth=1, max_features='sqrt', max_leaf_nodes=None,
            min_samples_leaf=1, min_samples_split=5,
            min_weight_fraction_leaf=0.0, n_estimators=10, n_jobs=-1,
            oob_score=False, random_state=None, verbose=0,
            warm_start=False)",0.5,0.9319,0.0,0.0,0.0
RF,"RandomForestClassifier(bootstrap=True, class_weight=None, criterion='gini',
            max_depth=1, max_features='sqrt', max_leaf_nodes=None,
            min_samples_leaf=1, min_samples_split=5,
            min_weight_fraction_leaf=0.0, n_estimators=100, n_jobs=-1,
            oob_score=False, random_state=None, verbose=0,
            warm_start=False)",0.5,0.9319,0.0,0.0,0.0
RF,"RandomForestClassifier(bootstrap=True, class_weight=None, criterion='gini',
            max_depth=1, max_features='sqrt', max_leaf_nodes=None,
            min_samples_leaf=1, min_samples_split=10,
            min_weight_fraction_leaf=0.0, n_estimators=1, n_jobs=-1,
            oob_score=False, random_state=None, verbose=0,
            warm_start=False)",0.5,0.9319,0.0,0.0,0.0
RF,"RandomForestClassifier(bootstrap=True, class_weight=None, criterion='gini',
            max_depth=1, max_features='sqrt', max_leaf_nodes=None,
            min_samples_leaf=1, min_samples_split=10,
            min_weight_fraction_leaf=0.0, n_estimators=10, n_jobs=-1,
            oob_score=False, random_state=None, verbose=0,
            warm_start=False)",0.5,0.9319,0.0,0.0,0.0
RF,"RandomForestClassifier(bootstrap=True, class_weight=None, criterion='gini',
            max_depth=1, max_features='sqrt', max_leaf_nodes=None,
            min_samples_leaf=1, min_samples_split=10,
            min_weight_fraction_leaf=0.0, n_estimators=100, n_jobs=-1,
            oob_score=False, random_state=None, verbose=0,
            warm_start=False)",0.5,0.9319,0.0,0.0,0.0
RF,"RandomForestClassifier(bootstrap=True, class_weight=None, criterion='gini',
            max_depth=1, max_features='log2', max_leaf_nodes=None,
            min_samples_leaf=1, min_samples_split=2,
            min_weight_fraction_leaf=0.0, n_estimators=1, n_jobs=-1,
            oob_score=False, random_state=None, verbose=0,
            warm_start=False)",0.5,0.9319,0.0,0.0,0.0
RF,"RandomForestClassifier(bootstrap=True, class_weight=None, criterion='gini',
            max_depth=1, max_features='log2', max_leaf_nodes=None,
            min_samples_leaf=1, min_samples_split=2,
            min_weight_fraction_leaf=0.0, n_estimators=10, n_jobs=-1,
            oob_score=False, random_state=None, verbose=0,
            warm_start=False)",0.5,0.9319,0.0,0.0,0.0
RF,"RandomForestClassifier(bootstrap=True, class_weight=None, criterion='gini',
            max_depth=1, max_features='log2', max_leaf_nodes=None,
            min_samples_leaf=1, min_samples_split=2,
            min_weight_fraction_leaf=0.0, n_estimators=100, n_jobs=-1,
            oob_score=False, random_state=None, verbose=0,
            warm_start=False)",0.5,0.9319,0.0,0.0,0.0
RF,"RandomForestClassifier(bootstrap=True, class_weight=None, criterion='gini',
            max_depth=1, max_features='log2', max_leaf_nodes=None,
            min_samples_leaf=1, min_samples_split=5,
            min_weight_fraction_leaf=0.0, n_estimators=1, n_jobs=-1,
            oob_score=False, random_state=None, verbose=0,
            warm_start=False)",0.5,0.9319,0.0,0.0,0.0
RF,"RandomForestClassifier(bootstrap=True, class_weight=None, criterion='gini',
            max_depth=1, max_features='log2', max_leaf_nodes=None,
            min_samples_leaf=1, min_samples_split=5,
            min_weight_fraction_leaf=0.0, n_estimators=10, n_jobs=-1,
            oob_score=False, random_state=None, verbose=0,
            warm_start=False)",0.5,0.9319,0.0,0.0,0.0
RF,"RandomForestClassifier(bootstrap=True, class_weight=None, criterion='gini',
            max_depth=1, max_features='log2', max_leaf_nodes=None,
            min_samples_leaf=1, min_samples_split=5,
            min_weight_fraction_leaf=0.0, n_estimators=100, n_jobs=-1,
            oob_score=False, random_state=None, verbose=0,
            warm_start=False)",0.5,0.9319,0.0,0.0,0.0
RF,"RandomForestClassifier(bootstrap=True, class_weight=None, criterion='gini',
            max_depth=1, max_features='log2', max_leaf_nodes=None,
            min_samples_leaf=1, min_samples_split=10,
            min_weight_fraction_leaf=0.0, n_estimators=1, n_jobs=-1,
            oob_score=False, random_state=None, verbose=0,
            warm_start=False)",0.5,0.9319,0.0,0.0,0.0
RF,"RandomForestClassifier(bootstrap=True, class_weight=None, criterion='gini',
            max_depth=1, max_features='log2', max_leaf_nodes=None,
            min_samples_leaf=1, min_samples_split=10,
            min_weight_fraction_leaf=0.0, n_estimators=10, n_jobs=-1,
            oob_score=False, random_state=None, verbose=0,
            warm_start=False)",0.5,0.9319,0.0,0.0,0.0
RF,"RandomForestClassifier(bootstrap=True, class_weight=None, criterion='gini',
            max_depth=1, max_features='log2', max_leaf_nodes=None,
            min_samples_leaf=1, min_samples_split=10,
            min_weight_fraction_leaf=0.0, n_estimators=100, n_jobs=-1,
            oob_score=False, random_state=None, verbose=0,
            warm_start=False)",0.5,0.9319,0.0,0.0,0.0
RF,"RandomForestClassifier(bootstrap=True, class_weight=None, criterion='gini',
            max_depth=5, max_features='sqrt', max_leaf_nodes=None,
            min_samples_leaf=1, min_samples_split=2,
            min_weight_fraction_leaf=0.0, n_estimators=1, n_jobs=-1,
            oob_score=False, random_state=None, verbose=0,
            warm_start=False)",0.549559484497,0.934633333333,0.619883040936,0.103768967205,0.177777777778
RF,"RandomForestClassifier(bootstrap=True, class_weight=None, criterion='gini',
            max_depth=5, max_features='sqrt', max_leaf_nodes=None,
            min_samples_leaf=1, min_samples_split=2,
            min_weight_fraction_leaf=0.0, n_estimators=10, n_jobs=-1,
            oob_score=False, random_state=None, verbose=0,
            warm_start=False)",0.545463882887,0.935033333333,0.66095890411,0.0944689182575,0.165310492505
RF,"RandomForestClassifier(bootstrap=True, class_weight=None, criterion='gini',
            max_depth=5, max_features='sqrt', max_leaf_nodes=None,
            min_samples_leaf=1, min_samples_split=2,
            min_weight_fraction_leaf=0.0, n_estimators=100, n_jobs=-1,
            oob_score=False, random_state=None, verbose=0,
            warm_start=False)",0.548604062973,0.934966666667,0.642857142857,0.101321585903,0.175052854123
RF,"RandomForestClassifier(bootstrap=True, class_weight=None, criterion='gini',
            max_depth=5, max_features='sqrt', max_leaf_nodes=None,
            min_samples_leaf=1, min_samples_split=5,
            min_weight_fraction_leaf=0.0, n_estimators=1, n_jobs=-1,
            oob_score=False, random_state=None, verbose=0,
            warm_start=False)",0.552204541934,0.934066666667,0.584415584416,0.11013215859,0.185337726524
RF,"RandomForestClassifier(bootstrap=True, class_weight=None, criterion='gini',
            max_depth=5, max_features='sqrt', max_leaf_nodes=None,
            min_samples_leaf=1, min_samples_split=5,
            min_weight_fraction_leaf=0.0, n_estimators=10, n_jobs=-1,
            oob_score=False, random_state=None, verbose=0,
            warm_start=False)",0.560686599838,0.9355,0.631707317073,0.126774351444,0.211169995923
RF,"RandomForestClassifier(bootstrap=True, class_weight=None, criterion='gini',
            max_depth=5, max_features='sqrt', max_leaf_nodes=None,
            min_samples_leaf=1, min_samples_split=5,
            min_weight_fraction_leaf=0.0, n_estimators=100, n_jobs=-1,
            oob_score=False, random_state=None, verbose=0,
            warm_start=False)",0.547696648887,0.934966666667,0.646496815287,0.0993636808615,0.17225286381
RF,"RandomForestClassifier(bootstrap=True, class_weight=None, criterion='gini',
            max_depth=5, max_features='sqrt', max_leaf_nodes=None,
            min_samples_leaf=1, min_samples_split=10,
            min_weight_fraction_leaf=0.0, n_estimators=1, n_jobs=-1,
            oob_score=False, random_state=None, verbose=0,
            warm_start=False)",0.540808212024,0.933966666667,0.607638888889,0.0856583455702,0.15015015015
RF,"RandomForestClassifier(bootstrap=True, class_weight=None, criterion='gini',
            max_depth=5, max_features='sqrt', max_leaf_nodes=None,
            min_samples_leaf=1, min_samples_split=10,
            min_weight_fraction_leaf=0.0, n_estimators=10, n_jobs=-1,
            oob_score=False, random_state=None, verbose=0,
            warm_start=False)",0.549600900103,0.935133333333,0.649230769231,0.103279490945,0.178209459459
RF,"RandomForestClassifier(bootstrap=True, class_weight=None, criterion='gini',
            max_depth=5, max_features='sqrt', max_leaf_nodes=None,
            min_samples_leaf=1, min_samples_split=10,
            min_weight_fraction_leaf=0.0, n_estimators=100, n_jobs=-1,
            oob_score=False, random_state=None, verbose=0,
            warm_start=False)",0.544622360845,0.934733333333,0.64406779661,0.0930004894763,0.1625320787
RF,"RandomForestClassifier(bootstrap=True, class_weight=None, criterion='gini',
            max_depth=5, max_features='log2', max_leaf_nodes=None,
            min_samples_leaf=1, min_samples_split=2,
            min_weight_fraction_leaf=0.0, n_estimators=1, n_jobs=-1,
            oob_score=False, random_state=None, verbose=0,
            warm_start=False)",0.575486678015,0.934333333333,0.562822719449,0.160058737151,0.249237804878
RF,"RandomForestClassifier(bootstrap=True, class_weight=None, criterion='gini',
            max_depth=5, max_features='log2', max_leaf_nodes=None,
            min_samples_leaf=1, min_samples_split=2,
            min_weight_fraction_leaf=0.0, n_estimators=10, n_jobs=-1,
            oob_score=False, random_state=None, verbose=0,
            warm_start=False)",0.535088866545,0.9343,0.659292035398,0.0729319627998,0.13133539004
RF,"RandomForestClassifier(bootstrap=True, class_weight=None, criterion='gini',
            max_depth=5, max_features='log2', max_leaf_nodes=None,
            min_samples_leaf=1, min_samples_split=2,
            min_weight_fraction_leaf=0.0, n_estimators=100, n_jobs=-1,
            oob_score=False, random_state=None, verbose=0,
            warm_start=False)",0.549427700406,0.935233333333,0.65625,0.102790014684,0.177740160813
RF,"RandomForestClassifier(bootstrap=True, class_weight=None, criterion='gini',
            max_depth=5, max_features='log2', max_leaf_nodes=None,
            min_samples_leaf=1, min_samples_split=5,
            min_weight_fraction_leaf=0.0, n_estimators=1, n_jobs=-1,
            oob_score=False, random_state=None, verbose=0,
            warm_start=False)",0.54604937402,0.934433333333,0.619496855346,0.0964268232991,0.166878441338
RF,"RandomForestClassifier(bootstrap=True, class_weight=None, criterion='gini',
            max_depth=5, max_features='log2', max_leaf_nodes=None,
            min_samples_leaf=1, min_samples_split=5,
            min_weight_fraction_leaf=0.0, n_estimators=10, n_jobs=-1,
            oob_score=False, random_state=None, verbose=0,
            warm_start=False)",0.553893232406,0.9351,0.631868131868,0.112579539892,0.191109264645
RF,"RandomForestClassifier(bootstrap=True, class_weight=None, criterion='gini',
            max_depth=5, max_features='log2', max_leaf_nodes=None,
            min_samples_leaf=1, min_samples_split=5,
            min_weight_fraction_leaf=0.0, n_estimators=100, n_jobs=-1,
            oob_score=False, random_state=None, verbose=0,
            warm_start=False)",0.547714533495,0.935,0.648562300319,0.0993636808615,0.172325976231
RF,"RandomForestClassifier(bootstrap=True, class_weight=None, criterion='gini',
            max_depth=5, max_features='log2', max_leaf_nodes=None,
            min_samples_leaf=1, min_samples_split=10,
            min_weight_fraction_leaf=0.0, n_estimators=1, n_jobs=-1,
            oob_score=False, random_state=None, verbose=0,
            warm_start=False)",0.576227484236,0.9336,0.541598694943,0.162506118453,0.25
RF,"RandomForestClassifier(bootstrap=True, class_weight=None, criterion='gini',
            max_depth=5, max_features='log2', max_leaf_nodes=None,
            min_samples_leaf=1, min_samples_split=10,
            min_weight_fraction_leaf=0.0, n_estimators=10, n_jobs=-1,
            oob_score=False, random_state=None, verbose=0,
            warm_start=False)",0.543798723412,0.934466666667,0.62962962963,0.0915320606951,0.159829059829
RF,"RandomForestClassifier(bootstrap=True, class_weight=None, criterion='gini',
            max_depth=5, max_features='log2', max_leaf_nodes=None,
            min_samples_leaf=1, min_samples_split=10,
            min_weight_fraction_leaf=0.0, n_estimators=100, n_jobs=-1,
            oob_score=False, random_state=None, verbose=0,
            warm_start=False)",0.544413391932,0.934766666667,0.647260273973,0.0925110132159,0.161884368308
RF,"RandomForestClassifier(bootstrap=True, class_weight=None, criterion='gini',
            max_depth=10, max_features='sqrt', max_leaf_nodes=None,
            min_samples_leaf=1, min_samples_split=2,
            min_weight_fraction_leaf=0.0, n_estimators=1, n_jobs=-1,
            oob_score=False, random_state=None, verbose=0,
            warm_start=False)",0.58220005056,0.929933333333,0.462799495586,0.179637787567,0.258815232722
RF,"RandomForestClassifier(bootstrap=True, class_weight=None, criterion='gini',
            max_depth=10, max_features='sqrt', max_leaf_nodes=None,
            min_samples_leaf=1, min_samples_split=2,
            min_weight_fraction_leaf=0.0, n_estimators=10, n_jobs=-1,
            oob_score=False, random_state=None, verbose=0,
            warm_start=False)",0.576226538795,0.934866666667,0.578207381371,0.161037689672,0.25191424196
RF,"RandomForestClassifier(bootstrap=True, class_weight=None, criterion='gini',
            max_depth=10, max_features='sqrt', max_leaf_nodes=None,
            min_samples_leaf=1, min_samples_split=2,
            min_weight_fraction_leaf=0.0, n_estimators=100, n_jobs=-1,
            oob_score=False, random_state=None, verbose=0,
            warm_start=False)",0.578058306135,0.936166666667,0.618518518519,0.163485070974,0.258614014712
RF,"RandomForestClassifier(bootstrap=True, class_weight=None, criterion='gini',
            max_depth=10, max_features='sqrt', max_leaf_nodes=None,
            min_samples_leaf=1, min_samples_split=5,
            min_weight_fraction_leaf=0.0, n_estimators=1, n_jobs=-1,
            oob_score=False, random_state=None, verbose=0,
            warm_start=False)",0.577930303812,0.9317,0.495677233429,0.168379833578,0.251370113263
RF,"RandomForestClassifier(bootstrap=True, class_weight=None, criterion='gini',
            max_depth=10, max_features='sqrt', max_leaf_nodes=None,
            min_samples_leaf=1, min_samples_split=5,
            min_weight_fraction_leaf=0.0, n_estimators=10, n_jobs=-1,
            oob_score=False, random_state=None, verbose=0,
            warm_start=False)",0.57776650601,0.9352,0.586690017513,0.163974547234,0.256312165264
RF,"RandomForestClassifier(bootstrap=True, class_weight=None, criterion='gini',
            max_depth=10, max_features='sqrt', max_leaf_nodes=None,
            min_samples_leaf=1, min_samples_split=5,
            min_weight_fraction_leaf=0.0, n_estimators=100, n_jobs=-1,
            oob_score=False, random_state=None, verbose=0,
            warm_start=False)",0.577461522223,0.9359,0.610294117647,0.162506118453,0.25666795516
RF,"RandomForestClassifier(bootstrap=True, class_weight=None, criterion='gini',
            max_depth=10, max_features='sqrt', max_leaf_nodes=None,
            min_samples_leaf=1, min_samples_split=10,
            min_weight_fraction_leaf=0.0, n_estimators=1, n_jobs=-1,
            oob_score=False, random_state=None, verbose=0,
            warm_start=False)",0.587905266936,0.932533333333,0.512616201859,0.188937836515,0.276108726753
RF,"RandomForestClassifier(bootstrap=True, class_weight=None, criterion='gini',
            max_depth=10, max_features='sqrt', max_leaf_nodes=None,
            min_samples_leaf=1, min_samples_split=10,
            min_weight_fraction_leaf=0.0, n_estimators=10, n_jobs=-1,
            oob_score=False, random_state=None, verbose=0,
            warm_start=False)",0.576780961658,0.9359,0.611524163569,0.161037689672,0.254939945757
RF,"RandomForestClassifier(bootstrap=True, class_weight=None, criterion='gini',
            max_depth=10, max_features='sqrt', max_leaf_nodes=None,
            min_samples_leaf=1, min_samples_split=10,
            min_weight_fraction_leaf=0.0, n_estimators=100, n_jobs=-1,
            oob_score=False, random_state=None, verbose=0,
            warm_start=False)",0.577359860961,0.936133333333,0.618691588785,0.162016642193,0.256788207913
RF,"RandomForestClassifier(bootstrap=True, class_weight=None, criterion='gini',
            max_depth=10, max_features='log2', max_leaf_nodes=None,
            min_samples_leaf=1, min_samples_split=2,
            min_weight_fraction_leaf=0.0, n_estimators=1, n_jobs=-1,
            oob_score=False, random_state=None, verbose=0,
            warm_start=False)",0.581029068293,0.931133333333,0.484480431849,0.175721977484,0.257902298851
RF,"RandomForestClassifier(bootstrap=True, class_weight=None, criterion='gini',
            max_depth=10, max_features='log2', max_leaf_nodes=None,
            min_samples_leaf=1, min_samples_split=2,
            min_weight_fraction_leaf=0.0, n_estimators=10, n_jobs=-1,
            oob_score=False, random_state=None, verbose=0,
            warm_start=False)",0.57639314666,0.9356,0.601834862385,0.160548213412,0.253477588872
RF,"RandomForestClassifier(bootstrap=True, class_weight=None, criterion='gini',
            max_depth=10, max_features='log2', max_leaf_nodes=None,
            min_samples_leaf=1, min_samples_split=2,
            min_weight_fraction_leaf=0.0, n_estimators=100, n_jobs=-1,
            oob_score=False, random_state=None, verbose=0,
            warm_start=False)",0.579419427265,0.936166666667,0.615942028986,0.166421928536,0.26204238921
RF,"RandomForestClassifier(bootstrap=True, class_weight=None, criterion='gini',
            max_depth=10, max_features='log2', max_leaf_nodes=None,
            min_samples_leaf=1, min_samples_split=5,
            min_weight_fraction_leaf=0.0, n_estimators=1, n_jobs=-1,
            oob_score=False, random_state=None, verbose=0,
            warm_start=False)",0.576366805599,0.9309,0.478813559322,0.165932452276,0.246455834242
RF,"RandomForestClassifier(bootstrap=True, class_weight=None, criterion='gini',
            max_depth=10, max_features='log2', max_leaf_nodes=None,
            min_samples_leaf=1, min_samples_split=5,
            min_weight_fraction_leaf=0.0, n_estimators=10, n_jobs=-1,
            oob_score=False, random_state=None, verbose=0,
            warm_start=False)",0.57540195592,0.935866666667,0.612903225806,0.15810083211,0.251361867704
RF,"RandomForestClassifier(bootstrap=True, class_weight=None, criterion='gini',
            max_depth=10, max_features='log2', max_leaf_nodes=None,
            min_samples_leaf=1, min_samples_split=5,
            min_weight_fraction_leaf=0.0, n_estimators=100, n_jobs=-1,
            oob_score=False, random_state=None, verbose=0,
            warm_start=False)",0.57503202553,0.9356,0.604127579737,0.157611355849,0.25
RF,"RandomForestClassifier(bootstrap=True, class_weight=None, criterion='gini',
            max_depth=10, max_features='log2', max_leaf_nodes=None,
            min_samples_leaf=1, min_samples_split=10,
            min_weight_fraction_leaf=0.0, n_estimators=1, n_jobs=-1,
            oob_score=False, random_state=None, verbose=0,
            warm_start=False)",0.580515115593,0.931866666667,0.49929676512,0.173764072442,0.257806826434
RF,"RandomForestClassifier(bootstrap=True, class_weight=None, criterion='gini',
            max_depth=10, max_features='log2', max_leaf_nodes=None,
            min_samples_leaf=1, min_samples_split=10,
            min_weight_fraction_leaf=0.0, n_estimators=10, n_jobs=-1,
            oob_score=False, random_state=None, verbose=0,
            warm_start=False)",0.579061735095,0.9355,0.594405594406,0.166421928536,0.260038240918
RF,"RandomForestClassifier(bootstrap=True, class_weight=None, criterion='gini',
            max_depth=10, max_features='log2', max_leaf_nodes=None,
            min_samples_leaf=1, min_samples_split=10,
            min_weight_fraction_leaf=0.0, n_estimators=100, n_jobs=-1,
            oob_score=False, random_state=None, verbose=0,
            warm_start=False)",0.578619320829,0.936366666667,0.624535315985,0.164464023495,0.260364199923
LR,"LogisticRegression(C=1e-05, class_weight=None, dual=False, fit_intercept=True,
          intercept_scaling=1, max_iter=100, multi_class='ovr', n_jobs=1,
          penalty='l1', random_state=None, solver='liblinear', tol=0.0001,
          verbose=0, warm_start=False)",0.5,0.9319,0.0,0.0,0.0
LR,"LogisticRegression(C=1e-05, class_weight=None, dual=False, fit_intercept=True,
          intercept_scaling=1, max_iter=100, multi_class='ovr', n_jobs=1,
          penalty='l2', random_state=None, solver='liblinear', tol=0.0001,
          verbose=0, warm_start=False)",0.506757598214,0.932233333333,0.604166666667,0.0141948115516,0.0277379244381
LR,"LogisticRegression(C=0.0001, class_weight=None, dual=False,
          fit_intercept=True, intercept_scaling=1, max_iter=100,
          multi_class='ovr', n_jobs=1, penalty='l1', random_state=None,
          solver='liblinear', tol=0.0001, verbose=0, warm_start=False)",0.5,0.9319,0.0,0.0,0.0
LR,"LogisticRegression(C=0.0001, class_weight=None, dual=False,
          fit_intercept=True, intercept_scaling=1, max_iter=100,
          multi_class='ovr', n_jobs=1, penalty='l2', random_state=None,
          solver='liblinear', tol=0.0001, verbose=0, warm_start=False)",0.506739713606,0.9322,0.591836734694,0.0141948115516,0.027724665392
LR,"LogisticRegression(C=0.001, class_weight=None, dual=False, fit_intercept=True,
          intercept_scaling=1, max_iter=100, multi_class='ovr', n_jobs=1,
          penalty='l1', random_state=None, solver='liblinear', tol=0.0001,
          verbose=0, warm_start=False)",0.507229189866,0.932266666667,0.607843137255,0.0151737640724,0.0296084049666
LR,"LogisticRegression(C=0.001, class_weight=None, dual=False, fit_intercept=True,
          intercept_scaling=1, max_iter=100, multi_class='ovr', n_jobs=1,
          penalty='l2', random_state=None, solver='liblinear', tol=0.0001,
          verbose=0, warm_start=False)",0.507348735737,0.932066666667,0.542372881356,0.0156632403328,0.0304471931494
LR,"LogisticRegression(C=0.01, class_weight=None, dual=False, fit_intercept=True,
          intercept_scaling=1, max_iter=100, multi_class='ovr', n_jobs=1,
          penalty='l1', random_state=None, solver='liblinear', tol=0.0001,
          verbose=0, warm_start=False)",0.511401976299,0.932433333333,0.59756097561,0.0239843367597,0.0461176470588
LR,"LogisticRegression(C=0.01, class_weight=None, dual=False, fit_intercept=True,
          intercept_scaling=1, max_iter=100, multi_class='ovr', n_jobs=1,
          penalty='l2', random_state=None, solver='liblinear', tol=0.0001,
          verbose=0, warm_start=False)",0.522630752902,0.933066666667,0.610062893082,0.0474791972589,0.0881017257039
LR,"LogisticRegression(C=0.1, class_weight=None, dual=False, fit_intercept=True,
          intercept_scaling=1, max_iter=100, multi_class='ovr', n_jobs=1,
          penalty='l1', random_state=None, solver='liblinear', tol=0.0001,
          verbose=0, warm_start=False)",0.518248997556,0.932933333333,0.624,0.0381791483113,0.0719557195572
LR,"LogisticRegression(C=0.1, class_weight=None, dual=False, fit_intercept=True,
          intercept_scaling=1, max_iter=100, multi_class='ovr', n_jobs=1,
          penalty='l2', random_state=None, solver='liblinear', tol=0.0001,
          verbose=0, warm_start=False)",0.525424533596,0.9332,0.608938547486,0.0533529123837,0.0981098109811
LR,"LogisticRegression(C=1, class_weight=None, dual=False, fit_intercept=True,
          intercept_scaling=1, max_iter=100, multi_class='ovr', n_jobs=1,
          penalty='l1', random_state=None, solver='liblinear', tol=0.0001,
          verbose=0, warm_start=False)",0.517759521295,0.932866666667,0.617886178862,0.0372001957905,0.0701754385965
LR,"LogisticRegression(C=1, class_weight=None, dual=False, fit_intercept=True,
          intercept_scaling=1, max_iter=100, multi_class='ovr', n_jobs=1,
          penalty='l2', random_state=None, solver='liblinear', tol=0.0001,
          verbose=0, warm_start=False)",0.520744386295,0.932933333333,0.605442176871,0.0435633871757,0.0812785388128
LR,"LogisticRegression(C=10, class_weight=None, dual=False, fit_intercept=True,
          intercept_scaling=1, max_iter=100, multi_class='ovr', n_jobs=1,
          penalty='l1', random_state=None, solver='liblinear', tol=0.0001,
          verbose=0, warm_start=False)",0.517514783165,0.932833333333,0.614754098361,0.0367107195301,0.0692840646651
LR,"LogisticRegression(C=10, class_weight=None, dual=False, fit_intercept=True,
          intercept_scaling=1, max_iter=100, multi_class='ovr', n_jobs=1,
          penalty='l2', random_state=None, solver='liblinear', tol=0.0001,
          verbose=0, warm_start=False)",0.52055330199,0.933,0.615384615385,0.0430739109153,0.0805123513266
DT,"DecisionTreeClassifier(class_weight=None, criterion='gini', max_depth=1,
            max_features='sqrt', max_leaf_nodes=None, min_samples_leaf=1,
            min_samples_split=2, min_weight_fraction_leaf=0.0,
            presort=False, random_state=None, splitter='best')",0.5,0.9319,0.0,0.0,0.0
DT,"DecisionTreeClassifier(class_weight=None, criterion='gini', max_depth=1,
            max_features='sqrt', max_leaf_nodes=None, min_samples_leaf=1,
            min_samples_split=5, min_weight_fraction_leaf=0.0,
            presort=False, random_state=None, splitter='best')",0.5,0.9319,0.0,0.0,0.0
DT,"DecisionTreeClassifier(class_weight=None, criterion='gini', max_depth=1,
            max_features='sqrt', max_leaf_nodes=None, min_samples_leaf=1,
            min_samples_split=10, min_weight_fraction_leaf=0.0,
            presort=False, random_state=None, splitter='best')",0.5,0.9319,0.0,0.0,0.0
DT,"DecisionTreeClassifier(class_weight=None, criterion='gini', max_depth=1,
            max_features='log2', max_leaf_nodes=None, min_samples_leaf=1,
            min_samples_split=2, min_weight_fraction_leaf=0.0,
            presort=False, random_state=None, splitter='best')",0.5,0.9319,0.0,0.0,0.0
DT,"DecisionTreeClassifier(class_weight=None, criterion='gini', max_depth=1,
            max_features='log2', max_leaf_nodes=None, min_samples_leaf=1,
            min_samples_split=5, min_weight_fraction_leaf=0.0,
            presort=False, random_state=None, splitter='best')",0.5,0.9319,0.0,0.0,0.0
DT,"DecisionTreeClassifier(class_weight=None, criterion='gini', max_depth=1,
            max_features='log2', max_leaf_nodes=None, min_samples_leaf=1,
            min_samples_split=10, min_weight_fraction_leaf=0.0,
            presort=False, random_state=None, splitter='best')",0.5,0.9319,0.0,0.0,0.0
DT,"DecisionTreeClassifier(class_weight=None, criterion='gini', max_depth=5,
            max_features='sqrt', max_leaf_nodes=None, min_samples_leaf=1,
            min_samples_split=2, min_weight_fraction_leaf=0.0,
            presort=False, random_state=None, splitter='best')",0.543023093415,0.933866666667,0.594855305466,0.0905531081743,0.157179269329
DT,"DecisionTreeClassifier(class_weight=None, criterion='gini', max_depth=5,
            max_features='sqrt', max_leaf_nodes=None, min_samples_leaf=1,
            min_samples_split=5, min_weight_fraction_leaf=0.0,
            presort=False, random_state=None, splitter='best')",0.571302598804,0.9333,0.536206896552,0.152227116985,0.237133053755
DT,"DecisionTreeClassifier(class_weight=None, criterion='gini', max_depth=5,
            max_features='sqrt', max_leaf_nodes=None, min_samples_leaf=1,
            min_samples_split=10, min_weight_fraction_leaf=0.0,
            presort=False, random_state=None, splitter='best')",0.561994067142,0.9354,0.623529411765,0.129711209006,0.214748784441
DT,"DecisionTreeClassifier(class_weight=None, criterion='gini', max_depth=5,
            max_features='log2', max_leaf_nodes=None, min_samples_leaf=1,
            min_samples_split=2, min_weight_fraction_leaf=0.0,
            presort=False, random_state=None, splitter='best')",0.546145388894,0.933766666667,0.581871345029,0.0974057758199,0.166876310273
DT,"DecisionTreeClassifier(class_weight=None, criterion='gini', max_depth=5,
            max_features='log2', max_leaf_nodes=None, min_samples_leaf=1,
            min_samples_split=5, min_weight_fraction_leaf=0.0,
            presort=False, random_state=None, splitter='best')",0.553762393758,0.934433333333,0.598445595855,0.113069016153,0.190201729107
DT,"DecisionTreeClassifier(class_weight=None, criterion='gini', max_depth=5,
            max_features='log2', max_leaf_nodes=None, min_samples_leaf=1,
            min_samples_split=10, min_weight_fraction_leaf=0.0,
            presort=False, random_state=None, splitter='best')",0.565421346407,0.9346,0.583850931677,0.138032305433,0.223277909739
DT,"DecisionTreeClassifier(class_weight=None, criterion='gini', max_depth=10,
            max_features='sqrt', max_leaf_nodes=None, min_samples_leaf=1,
            min_samples_split=2, min_weight_fraction_leaf=0.0,
            presort=False, random_state=None, splitter='best')",0.580544292979,0.932766666667,0.519117647059,0.172785119922,0.259272860815
DT,"DecisionTreeClassifier(class_weight=None, criterion='gini', max_depth=10,
            max_features='sqrt', max_leaf_nodes=None, min_samples_leaf=1,
            min_samples_split=5, min_weight_fraction_leaf=0.0,
            presort=False, random_state=None, splitter='best')",0.590102263719,0.9324,0.509652509653,0.193832599119,0.28085106383
DT,"DecisionTreeClassifier(class_weight=None, criterion='gini', max_depth=10,
            max_features='sqrt', max_leaf_nodes=None, min_samples_leaf=1,
            min_samples_split=10, min_weight_fraction_leaf=0.0,
            presort=False, random_state=None, splitter='best')",0.576132414805,0.933,0.526066350711,0.162995594714,0.248878923767
DT,"DecisionTreeClassifier(class_weight=None, criterion='gini', max_depth=10,
            max_features='log2', max_leaf_nodes=None, min_samples_leaf=1,
            min_samples_split=2, min_weight_fraction_leaf=0.0,
            presort=False, random_state=None, splitter='best')",0.573809280321,0.934166666667,0.559440559441,0.156632403328,0.244741873805
DT,"DecisionTreeClassifier(class_weight=None, criterion='gini', max_depth=10,
            max_features='log2', max_leaf_nodes=None, min_samples_leaf=1,
            min_samples_split=5, min_weight_fraction_leaf=0.0,
            presort=False, random_state=None, splitter='best')",0.593479644663,0.934466666667,0.552380952381,0.198727361723,0.292296616271
DT,"DecisionTreeClassifier(class_weight=None, criterion='gini', max_depth=10,
            max_features='log2', max_leaf_nodes=None, min_samples_leaf=1,
            min_samples_split=10, min_weight_fraction_leaf=0.0,
            presort=False, random_state=None, splitter='best')",0.575751191638,0.931866666667,0.499252615845,0.163485070974,0.246312684366
DT,"DecisionTreeClassifier(class_weight=None, criterion='gini', max_depth=20,
            max_features='sqrt', max_leaf_nodes=None, min_samples_leaf=1,
            min_samples_split=2, min_weight_fraction_leaf=0.0,
            presort=False, random_state=None, splitter='best')",0.601202145082,0.913766666667,0.321287779238,0.239353891336,0.274333800842
DT,"DecisionTreeClassifier(class_weight=None, criterion='gini', max_depth=20,
            max_features='sqrt', max_leaf_nodes=None, min_samples_leaf=1,
            min_samples_split=5, min_weight_fraction_leaf=0.0,
            presort=False, random_state=None, splitter='best')",0.591366477058,0.918266666667,0.340109460516,0.212922173275,0.261890427453
DT,"DecisionTreeClassifier(class_weight=None, criterion='gini', max_depth=20,
            max_features='sqrt', max_leaf_nodes=None, min_samples_leaf=1,
            min_samples_split=10, min_weight_fraction_leaf=0.0,
            presort=False, random_state=None, splitter='best')",0.59387691408,0.9221,0.374143835616,0.213901125795,0.272189349112
DT,"DecisionTreeClassifier(class_weight=None, criterion='gini', max_depth=20,
            max_features='log2', max_leaf_nodes=None, min_samples_leaf=1,
            min_samples_split=2, min_weight_fraction_leaf=0.0,
            presort=False, random_state=None, splitter='best')",0.612120291509,0.914666666667,0.33711405167,0.261869799315,0.29476584022
DT,"DecisionTreeClassifier(class_weight=None, criterion='gini', max_depth=20,
            max_features='log2', max_leaf_nodes=None, min_samples_leaf=1,
            min_samples_split=5, min_weight_fraction_leaf=0.0,
            presort=False, random_state=None, splitter='best')",0.597659075451,0.917733333333,0.342941611234,0.227116984826,0.273262661955
DT,"DecisionTreeClassifier(class_weight=None, criterion='gini', max_depth=20,
            max_features='log2', max_leaf_nodes=None, min_samples_leaf=1,
            min_samples_split=10, min_weight_fraction_leaf=0.0,
            presort=False, random_state=None, splitter='best')",0.592713469085,0.9212,0.365012615643,0.212432697014,0.268564356436
DT,"DecisionTreeClassifier(class_weight=None, criterion='gini', max_depth=50,
            max_features='sqrt', max_leaf_nodes=None, min_samples_leaf=1,
            min_samples_split=2, min_weight_fraction_leaf=0.0,
            presort=False, random_state=None, splitter='best')",0.609796264108,0.901033333333,0.273039215686,0.272638277044,0.272838599069
DT,"DecisionTreeClassifier(class_weight=None, criterion='gini', max_depth=50,
            max_features='sqrt', max_leaf_nodes=None, min_samples_leaf=1,
            min_samples_split=5, min_weight_fraction_leaf=0.0,
            presort=False, random_state=None, splitter='best')",0.600364404807,0.9084,0.292768959436,0.24375917768,0.266025641026
DT,"DecisionTreeClassifier(class_weight=None, criterion='gini', max_depth=50,
            max_features='sqrt', max_leaf_nodes=None, min_samples_leaf=1,
            min_samples_split=10, min_weight_fraction_leaf=0.0,
            presort=False, random_state=None, splitter='best')",0.599423086125,0.913833333333,0.319813829787,0.235438081253,0.271215111362
DT,"DecisionTreeClassifier(class_weight=None, criterion='gini', max_depth=50,
            max_features='log2', max_leaf_nodes=None, min_samples_leaf=1,
            min_samples_split=2, min_weight_fraction_leaf=0.0,
            presort=False, random_state=None, splitter='best')",0.603677810852,0.9002,0.264019851117,0.260401370534,0.262198127156
DT,"DecisionTreeClassifier(class_weight=None, criterion='gini', max_depth=50,
            max_features='log2', max_leaf_nodes=None, min_samples_leaf=1,
            min_samples_split=5, min_weight_fraction_leaf=0.0,
            presort=False, random_state=None, splitter='best')",0.596591671592,0.908133333333,0.287418008348,0.235927557513,0.259139784946
DT,"DecisionTreeClassifier(class_weight=None, criterion='gini', max_depth=50,
            max_features='log2', max_leaf_nodes=None, min_samples_leaf=1,
            min_samples_split=10, min_weight_fraction_leaf=0.0,
            presort=False, random_state=None, splitter='best')",0.602359943687,0.914233333333,0.325197889182,0.241311796378,0.277044113515
DT,"DecisionTreeClassifier(class_weight=None, criterion='gini', max_depth=100,
            max_features='sqrt', max_leaf_nodes=None, min_samples_leaf=1,
            min_samples_split=2, min_weight_fraction_leaf=0.0,
            presort=False, random_state=None, splitter='best')",0.605761853595,0.899433333333,0.26359223301,0.265785609398,0.264684377285
DT,"DecisionTreeClassifier(class_weight=None, criterion='gini', max_depth=100,
            max_features='sqrt', max_leaf_nodes=None, min_samples_leaf=1,
            min_samples_split=5, min_weight_fraction_leaf=0.0,
            presort=False, random_state=None, splitter='best')",0.606487559009,0.910933333333,0.311337732454,0.254038179148,0.279784366577
DT,"DecisionTreeClassifier(class_weight=None, criterion='gini', max_depth=100,
            max_features='sqrt', max_leaf_nodes=None, min_samples_leaf=1,
            min_samples_split=10, min_weight_fraction_leaf=0.0,
            presort=False, random_state=None, splitter='best')",0.603470680298,0.913766666667,0.323605706874,0.24424865394,0.278382147838
DT,"DecisionTreeClassifier(class_weight=None, criterion='gini', max_depth=100,
            max_features='log2', max_leaf_nodes=None, min_samples_leaf=1,
            min_samples_split=2, min_weight_fraction_leaf=0.0,
            presort=False, random_state=None, splitter='best')",0.604143756115,0.8998,0.263157894737,0.261869799315,0.262512266928
DT,"DecisionTreeClassifier(class_weight=None, criterion='gini', max_depth=100,
            max_features='log2', max_leaf_nodes=None, min_samples_leaf=1,
            min_samples_split=5, min_weight_fraction_leaf=0.0,
            presort=False, random_state=None, splitter='best')",0.593224637984,0.9082,0.283890577508,0.228585413607,0.253253796095
DT,"DecisionTreeClassifier(class_weight=None, criterion='gini', max_depth=100,
            max_features='log2', max_leaf_nodes=None, min_samples_leaf=1,
            min_samples_split=10, min_weight_fraction_leaf=0.0,
            presort=False, random_state=None, splitter='best')",0.599893732335,0.915133333333,0.328092959672,0.234948604993,0.273816314889
DT,"DecisionTreeClassifier(class_weight=None, criterion='entropy', max_depth=1,
            max_features='sqrt', max_leaf_nodes=None, min_samples_leaf=1,
            min_samples_split=2, min_weight_fraction_leaf=0.0,
            presort=False, random_state=None, splitter='best')",0.5,0.9319,0.0,0.0,0.0
DT,"DecisionTreeClassifier(class_weight=None, criterion='entropy', max_depth=1,
            max_features='sqrt', max_leaf_nodes=None, min_samples_leaf=1,
            min_samples_split=5, min_weight_fraction_leaf=0.0,
            presort=False, random_state=None, splitter='best')",0.5,0.9319,0.0,0.0,0.0
DT,"DecisionTreeClassifier(class_weight=None, criterion='entropy', max_depth=1,
            max_features='sqrt', max_leaf_nodes=None, min_samples_leaf=1,
            min_samples_split=10, min_weight_fraction_leaf=0.0,
            presort=False, random_state=None, splitter='best')",0.5,0.9319,0.0,0.0,0.0
DT,"DecisionTreeClassifier(class_weight=None, criterion='entropy', max_depth=1,
            max_features='log2', max_leaf_nodes=None, min_samples_leaf=1,
            min_samples_split=2, min_weight_fraction_leaf=0.0,
            presort=False, random_state=None, splitter='best')",0.5,0.9319,0.0,0.0,0.0
DT,"DecisionTreeClassifier(class_weight=None, criterion='entropy', max_depth=1,
            max_features='log2', max_leaf_nodes=None, min_samples_leaf=1,
            min_samples_split=5, min_weight_fraction_leaf=0.0,
            presort=False, random_state=None, splitter='best')",0.5,0.9319,0.0,0.0,0.0
DT,"DecisionTreeClassifier(class_weight=None, criterion='entropy', max_depth=1,
            max_features='log2', max_leaf_nodes=None, min_samples_leaf=1,
            min_samples_split=10, min_weight_fraction_leaf=0.0,
            presort=False, random_state=None, splitter='best')",0.5,0.9319,0.0,0.0,0.0
DT,"DecisionTreeClassifier(class_weight=None, criterion='entropy', max_depth=5,
            max_features='sqrt', max_leaf_nodes=None, min_samples_leaf=1,
            min_samples_split=2, min_weight_fraction_leaf=0.0,
            presort=False, random_state=None, splitter='best')",0.580334378624,0.934066666667,0.551342812006,0.17082721488,0.260837070254
DT,"DecisionTreeClassifier(class_weight=None, criterion='entropy', max_depth=5,
            max_features='sqrt', max_leaf_nodes=None, min_samples_leaf=1,
            min_samples_split=5, min_weight_fraction_leaf=0.0,
            presort=False, random_state=None, splitter='best')",0.573910941583,0.933933333333,0.552495697074,0.157121879589,0.244664634146
DT,"DecisionTreeClassifier(class_weight=None, criterion='entropy', max_depth=5,
            max_features='sqrt', max_leaf_nodes=None, min_samples_leaf=1,
            min_samples_split=10, min_weight_fraction_leaf=0.0,
            presort=False, random_state=None, splitter='best')",0.553332217712,0.9349,0.622950819672,0.111600587372,0.189290161893
DT,"DecisionTreeClassifier(class_weight=None, criterion='entropy', max_depth=5,
            max_features='log2', max_leaf_nodes=None, min_samples_leaf=1,
            min_samples_split=2, min_weight_fraction_leaf=0.0,
            presort=False, random_state=None, splitter='best')",0.57490683327,0.935366666667,0.596296296296,0.157611355849,0.249322493225
DT,"DecisionTreeClassifier(class_weight=None, criterion='entropy', max_depth=5,
            max_features='log2', max_leaf_nodes=None, min_samples_leaf=1,
            min_samples_split=5, min_weight_fraction_leaf=0.0,
            presort=False, random_state=None, splitter='best')",0.588154706013,0.934266666667,0.551079136691,0.187469407734,0.279766252739
DT,"DecisionTreeClassifier(class_weight=None, criterion='entropy', max_depth=5,
            max_features='log2', max_leaf_nodes=None, min_samples_leaf=1,
            min_samples_split=10, min_weight_fraction_leaf=0.0,
            presort=False, random_state=None, splitter='best')",0.556473343241,0.933566666667,0.556818181818,0.119921683798,0.197341925091
DT,"DecisionTreeClassifier(class_weight=None, criterion='entropy', max_depth=10,
            max_features='sqrt', max_leaf_nodes=None, min_samples_leaf=1,
            min_samples_split=2, min_weight_fraction_leaf=0.0,
            presort=False, random_state=None, splitter='best')",0.584739664968,0.934666666667,0.563748079877,0.179637787567,0.272457312546
DT,"DecisionTreeClassifier(class_weight=None, criterion='entropy', max_depth=10,
            max_features='sqrt', max_leaf_nodes=None, min_samples_leaf=1,
            min_samples_split=5, min_weight_fraction_leaf=0.0,
            presort=False, random_state=None, splitter='best')",0.57607876098,0.9329,0.52358490566,0.162995594714,0.248600223964
DT,"DecisionTreeClassifier(class_weight=None, criterion='entropy', max_depth=10,
            max_features='sqrt', max_leaf_nodes=None, min_samples_leaf=1,
            min_samples_split=10, min_weight_fraction_leaf=0.0,
            presort=False, random_state=None, splitter='best')",0.58422665771,0.934133333333,0.55037593985,0.179148311307,0.270310192024
DT,"DecisionTreeClassifier(class_weight=None, criterion='entropy', max_depth=10,
            max_features='log2', max_leaf_nodes=None, min_samples_leaf=1,
            min_samples_split=2, min_weight_fraction_leaf=0.0,
            presort=False, random_state=None, splitter='best')",0.578000896804,0.9331,0.52786377709,0.166911404797,0.253625883228
DT,"DecisionTreeClassifier(class_weight=None, criterion='entropy', max_depth=10,
            max_features='log2', max_leaf_nodes=None, min_samples_leaf=1,
            min_samples_split=5, min_weight_fraction_leaf=0.0,
            presort=False, random_state=None, splitter='best')",0.578400950022,0.933,0.525267993874,0.167890357318,0.254451038576
DT,"DecisionTreeClassifier(class_weight=None, criterion='entropy', max_depth=10,
            max_features='log2', max_leaf_nodes=None, min_samples_leaf=1,
            min_samples_split=10, min_weight_fraction_leaf=0.0,
            presort=False, random_state=None, splitter='best')",0.586382238887,0.9335,0.533994334278,0.184532550171,0.27428155693
DT,"DecisionTreeClassifier(class_weight=None, criterion='entropy', max_depth=20,
            max_features='sqrt', max_leaf_nodes=None, min_samples_leaf=1,
            min_samples_split=2, min_weight_fraction_leaf=0.0,
            presort=False, random_state=None, splitter='best')",0.592871620498,0.917266666667,0.334589299171,0.217327459618,0.26350148368
DT,"DecisionTreeClassifier(class_weight=None, criterion='entropy', max_depth=20,
            max_features='sqrt', max_leaf_nodes=None, min_samples_leaf=1,
            min_samples_split=5, min_weight_fraction_leaf=0.0,
            presort=False, random_state=None, splitter='best')",0.596195347617,0.919233333333,0.35248447205,0.222222222222,0.272590813569
DT,"DecisionTreeClassifier(class_weight=None, criterion='entropy', max_depth=20,
            max_features='sqrt', max_leaf_nodes=None, min_samples_leaf=1,
            min_samples_split=10, min_weight_fraction_leaf=0.0,
            presort=False, random_state=None, splitter='best')",0.592069623179,0.92,0.354285714286,0.212432697014,0.265605875153
DT,"DecisionTreeClassifier(class_weight=None, criterion='entropy', max_depth=20,
            max_features='log2', max_leaf_nodes=None, min_samples_leaf=1,
            min_samples_split=2, min_weight_fraction_leaf=0.0,
            presort=False, random_state=None, splitter='best')",0.608130106666,0.9178,0.35343035343,0.249632892805,0.292598967298
DT,"DecisionTreeClassifier(class_weight=None, criterion='entropy', max_depth=20,
            max_features='log2', max_leaf_nodes=None, min_samples_leaf=1,
            min_samples_split=5, min_weight_fraction_leaf=0.0,
            presort=False, random_state=None, splitter='best')",0.597013338661,0.919066666667,0.352036894696,0.224180127264,0.273923444976
DT,"DecisionTreeClassifier(class_weight=None, criterion='entropy', max_depth=20,
            max_features='log2', max_leaf_nodes=None, min_samples_leaf=1,
            min_samples_split=10, min_weight_fraction_leaf=0.0,
            presort=False, random_state=None, splitter='best')",0.589693780311,0.9198,0.350123864575,0.20753793441,0.260602335587
DT,"DecisionTreeClassifier(class_weight=None, criterion='entropy', max_depth=50,
            max_features='sqrt', max_leaf_nodes=None, min_samples_leaf=1,
            min_samples_split=2, min_weight_fraction_leaf=0.0,
            presort=False, random_state=None, splitter='best')",0.603589333252,0.898766666667,0.259205426357,0.261869799315,0.260530801071
DT,"DecisionTreeClassifier(class_weight=None, criterion='entropy', max_depth=50,
            max_features='sqrt', max_leaf_nodes=None, min_samples_leaf=1,
            min_samples_split=5, min_weight_fraction_leaf=0.0,
            presort=False, random_state=None, splitter='best')",0.597816307685,0.907033333333,0.283893395133,0.239843367597,0.260015919342
DT,"DecisionTreeClassifier(class_weight=None, criterion='entropy', max_depth=50,
            max_features='sqrt', max_leaf_nodes=None, min_samples_leaf=1,
            min_samples_split=10, min_weight_fraction_leaf=0.0,
            presort=False, random_state=None, splitter='best')",0.604639771682,0.9151,0.332669322709,0.245227606461,0.282333051564
DT,"DecisionTreeClassifier(class_weight=None, criterion='entropy', max_depth=50,
            max_features='log2', max_leaf_nodes=None, min_samples_leaf=1,
            min_samples_split=2, min_weight_fraction_leaf=0.0,
            presort=False, random_state=None, splitter='best')",0.603403895336,0.899266666667,0.260635696822,0.260890846794,0.260763209393
DT,"DecisionTreeClassifier(class_weight=None, criterion='entropy', max_depth=50,
            max_features='log2', max_leaf_nodes=None, min_samples_leaf=1,
            min_samples_split=5, min_weight_fraction_leaf=0.0,
            presort=False, random_state=None, splitter='best')",0.598986344511,0.9071,0.285467128028,0.242290748899,0.262112787927
DT,"DecisionTreeClassifier(class_weight=None, criterion='entropy', max_depth=50,
            max_features='log2', max_leaf_nodes=None, min_samples_leaf=1,
            min_samples_split=10, min_weight_fraction_leaf=0.0,
            presort=False, random_state=None, splitter='best')",0.604705663727,0.9148,0.330916282136,0.245717082721,0.28202247191
DT,"DecisionTreeClassifier(class_weight=None, criterion='entropy', max_depth=100,
            max_features='sqrt', max_leaf_nodes=None, min_samples_leaf=1,
            min_samples_split=2, min_weight_fraction_leaf=0.0,
            presort=False, random_state=None, splitter='best')",0.603599680588,0.9009,0.266331658291,0.259422418013,0.262831638978
DT,"DecisionTreeClassifier(class_weight=None, criterion='entropy', max_depth=100,
            max_features='sqrt', max_leaf_nodes=None, min_samples_leaf=1,
            min_samples_split=5, min_weight_fraction_leaf=0.0,
            presort=False, random_state=None, splitter='best')",0.602746839506,0.907766666667,0.292431192661,0.249632892805,0.269342487457
DT,"DecisionTreeClassifier(class_weight=None, criterion='entropy', max_depth=100,
            max_features='sqrt', max_leaf_nodes=None, min_samples_leaf=1,
            min_samples_split=10, min_weight_fraction_leaf=0.0,
            presort=False, random_state=None, splitter='best')",0.605191384482,0.9119,0.315043156597,0.250122369065,0.278854024557
DT,"DecisionTreeClassifier(class_weight=None, criterion='entropy', max_depth=100,
            max_features='log2', max_leaf_nodes=None, min_samples_leaf=1,
            min_samples_split=2, min_weight_fraction_leaf=0.0,
            presort=False, random_state=None, splitter='best')",0.61101430837,0.900766666667,0.273300970874,0.275575134606,0.274433341457
DT,"DecisionTreeClassifier(class_weight=None, criterion='entropy', max_depth=100,
            max_features='log2', max_leaf_nodes=None, min_samples_leaf=1,
            min_samples_split=5, min_weight_fraction_leaf=0.0,
            presort=False, random_state=None, splitter='best')",0.605248820075,0.906933333333,0.291364902507,0.25599608419,0.272537780094
DT,"DecisionTreeClassifier(class_weight=None, criterion='entropy', max_depth=100,
            max_features='log2', max_leaf_nodes=None, min_samples_leaf=1,
            min_samples_split=10, min_weight_fraction_leaf=0.0,
            presort=False, random_state=None, splitter='best')",0.593943777829,0.9125,0.306258322237,0.225159079785,0.25952045134
